{
    "key": "group_66da16905a605",
    "title": "Kalkulacje",
    "fields": [
        {
            "key": "field_66da17ef44cf0",
            "label": "Kwota netto",
            "name": "net_amount",
            "aria-label": "",
            "type": "number",
            "instructions": "",
            "required": 1,
            "conditional_logic": 0,
            "wrapper": {
                "width": "",
                "class": "",
                "id": ""
            },
            "default_value": "",
            "min": 0,
            "max": "",
            "placeholder": "",
            "step": "",
            "prepend": "",
            "append": ""
        },
        {
            "key": "field_66da1c6377409",
            "label": "Waluta",
            "name": "currency",
            "aria-label": "",
            "type": "select",
            "instructions": "",
            "required": 1,
            "conditional_logic": 0,
            "wrapper": {
                "width": "",
                "class": "",
                "id": ""
            },
            "choices": {
                "PLN": "PLN"
            },
            "default_value": "PLN",
            "return_format": "array",
            "multiple": 0,
            "allow_null": 0,
            "ui": 0,
            "ajax": 0,
            "placeholder": ""
        },
        {
            "key": "field_66da195a44cf1",
            "label": "Stawka VAT",
            "name": "vat_rate",
            "aria-label": "",
            "type": "select",
            "instructions": "",
            "required": 1,
            "conditional_logic": 0,
            "wrapper": {
                "width": "",
                "class": "",
                "id": ""
            },
            "choices": {
                "0%": "0",
                "3%": "0.03",
                "5%": "0.05",
                "7%": "0.07",
                "8%": "0.08",
                "22%": "0.22",
                "23%": "0.23",
                "zw.": "0",
                "np.": "0",
                "oo.": "0"
            },
            "default_value": "23%",
            "return_format": "array",
            "multiple": 0,
            "allow_null": 0,
            "ui": 0,
            "ajax": 0,
            "placeholder": ""
        },
        {
            "key": "field_66da454a5bc10",
            "label": "Obliczona kwota brutto",
            "name": "gross_amount",
            "aria-label": "",
            "type": "number",
            "instructions": "",
            "required": 1,
            "conditional_logic": 0,
            "wrapper": {
                "width": "",
                "class": "",
                "id": ""
            },
            "default_value": "",
            "min": 0,
            "max": "",
            "placeholder": "",
            "step": 1,
            "prepend": "",
            "append": ""
        },
        {
            "key": "field_66da454c5bc11",
            "label": "Obliczona kwota VAT",
            "name": "vat_amount",
            "aria-label": "",
            "type": "number",
            "instructions": "",
            "required": 1,
            "conditional_logic": 0,
            "wrapper": {
                "width": "",
                "class": "",
                "id": ""
            },
            "default_value": "",
            "min": 0,
            "max": "",
            "placeholder": "",
            "step": 1,
            "prepend": "",
            "append": ""
        },
        {
            "key": "field_66da40c9aaf49",
            "label": "IP użytkownika",
            "name": "user_ip",
            "aria-label": "",
            "type": "text",
            "instructions": "",
            "required": 1,
            "conditional_logic": 0,
            "wrapper": {
                "width": "",
                "class": "",
                "id": ""
            },
            "default_value": "",
            "maxlength": "",
            "placeholder": "",
            "prepend": "",
            "append": ""
        },
        {
            "key": "field_66da40d5aaf4a",
            "label": "Data kalkulacji",
            "name": "calc_date",
            "aria-label": "",
            "type": "date_time_picker",
            "instructions": "",
            "required": 1,
            "conditional_logic": 0,
            "wrapper": {
                "width": "",
                "class": "",
                "id": ""
            },
            "display_format": "d-m-Y H:i:s",
            "return_format": "d-m-Y H:i:s",
            "first_day": 1
        }
    ],
    "location": [
        [
            {
                "param": "post_type",
                "operator": "==",
                "value": "calculations"
            }
        ]
    ],
    "menu_order": 0,
    "position": "normal",
    "style": "default",
    "label_placement": "top",
    "instruction_placement": "label",
    "hide_on_screen": "",
    "active": true,
    "description": "",
    "show_in_rest": 1,
    "modified": 1725580719
}
